DateTime,Entries,UniqueIPs
1462499768,43950,46808
1462500001,43952,46807
1462500741,43963,46815
1462501753,43920,46770
1462502660,43948,46819
1462503939,44147,47032
1462505063,44037,46904
1462505781,44036,46903
1462506020,44096,46967
1462506995,44045,46917
1462507201,44071,46939
1462507694,44074,46942
1462507957,44188,47068
1462508902,44214,47093
1462509617,44211,47091
1462509868,44209,47078
1462510840,44234,47097
1462511545,44244,47105
1462511785,44179,47045
1462512766,44121,46987
1462513447,44121,46986
1462513715,44285,47163
1462514661,44354,47227
1462515382,44367,47242
1462515695,44377,47249
1462516815,44355,47218
1462517301,44360,47224
1462517793,44348,47208
1462518001,44372,47229
1462518743,44368,47238
1462519209,44368,47236
1462519701,44473,47354
1462520658,44394,47273
1462521135,44399,47277
1462521632,44454,47352
1462522577,44435,47317
1462523049,44430,47312
1462523556,44602,47495
1462524498,44630,47520
1462524971,44633,47524
1462525454,44679,47558
1462526431,44677,47556
1462526893,44681,47563
1462527379,44684,47544
1462528350,44748,47606
1462528823,44749,47606
1462529312,44804,47666
1462530257,44670,47497
1462530750,44672,47501
1462531224,44742,47590
1462532185,44669,47506
1462532652,44748,47586
1462533157,44766,47615
1462534102,44817,47666
1462534573,44818,47667
1462535066,44782,47640
1462536052,44920,47812
1462536500,44931,47824
1462536982,44876,47753
1462537961,44965,47875
1462538419,44973,47881
1462538900,45010,47913
1462539862,44966,47861
1462540353,44970,47865
1462540824,44925,47809
1462541790,45019,47914
1462542252,45018,47912
1462542748,45008,47905
1462543202,45226,48117
1462543717,45357,48252
1462544179,45363,48258
1462544655,45325,48199
1462545629,45440,48310
1462546101,45450,48320
1462546592,45377,48227
1462546801,45564,48411
1462547563,45490,48344
1462548012,45500,48352
1462548502,45588,48460
1462549463,45532,48384
1462549934,45539,48392
1462550427,45580,48437
1462551383,45513,48362
1462551849,45515,48366
1462552356,45469,48354
1462553299,45471,48348
1462553769,45474,48351
1462554253,45526,48406
1462555232,45443,48328
1462555693,45448,48334
1462556184,45582,48458
1462557143,45014,47842
1462557623,45014,47842
1462558119,44117,46888
1462559064,44014,46764
1462559544,44010,46760
1462560016,44155,46920
1462560987,44143,46913
1462561449,44150,46924
1462561952,44016,46765
1462562903,44126,46902
1462563376,44129,46905
1462563864,43862,46593
1462564573,43893,46624
1462564841,44130,46883
1462565299,44103,46853
1462565782,43958,46691
1462566762,44059,46794
1462567221,44058,46793
1462567701,43987,46716
1462568657,43970,46683
1462569150,43971,46686
1462569635,43978,46681
1462570580,43950,46661
1462572380,43989,46663
1462573455,43915,46582
1462574219,43918,46585
1462574441,44011,46689
1462575372,43892,46519
1462575602,43904,46535
1462576136,43908,46540
1462576351,43983,46621
1462577305,43946,46568
1462578053,43944,46566
1462578254,43807,46416
1462579232,43878,46497
1462579991,43887,46504
1462580181,43791,46404
1462581147,43887,46510
1462581886,43887,46509
1462582096,43814,46427
1462583067,43921,46563
1462583813,43924,46568
1462584012,43909,46548
1462584983,43817,46464
1462585731,43825,46472
1462585943,43926,46581
1462586402,43913,46567
1462586914,43952,46621
1462587641,43959,46631
1462587859,43995,46665
1462588826,44010,46693
1462589563,44016,46700
1462589785,43904,46575
1462590002,43956,46634
1462590742,43983,46683
1462591474,43981,46681
1462591718,43988,46702
1462592655,44008,46739
1462593408,44010,46743
1462593623,44039,46758
1462594596,43912,46630
1462595347,43919,46638
1462595541,43996,46745
1462596512,43975,46733
1462597257,43979,46733
1462597463,44069,46845
1462598413,44078,46887
1462599170,44047,46856
1462599387,43863,46667
1462600344,43896,46702
1462601078,43923,46731
1462601313,43940,46772
1462602256,43886,46720
1462603164,44055,46913
1462604184,44037,46891
1462604401,44076,46933
1462605140,44125,46980
1462606114,43986,46827
1462607053,44102,46961
1462608019,44072,46934
1462609000,43864,46715
1462609945,44039,46902
1462610898,43860,46706
1462611868,43836,46692
1462612822,43982,46899
1462613774,44015,46940
1462614753,43853,46763
1462615201,43859,46766
1462615701,44045,46975
1462616658,43821,46753
1462617622,44067,47024
1462618576,44087,47045
1462618801,43988,46942
1462619550,43913,46853
1462620504,43836,46790
1462621453,43932,46903
1462622428,43937,46915
1462623387,43754,46705
1462624353,43918,46897
1462625297,43912,46889
1462626265,43649,46613
1462627220,43782,46760
1462628176,43701,46682
1462629151,43550,46504
1462629602,43524,46475
1462630101,43655,46639
1462631053,43680,46673
1462632037,43534,46520
1462632973,43657,46659
1462633201,43237,46238
1462633948,43232,46259
1462634905,43092,46121
1462635854,43233,46278
1462636821,43222,46274
1462637811,42673,45690
1462638748,42915,45963
1462639713,42700,45732
1462640668,42721,45766
1462641620,42916,45986
1462642587,42741,45789
1462643474,42752,45798
1462643808,42824,45878
1462644001,42791,45850
1462644744,42731,45803
1462645482,42734,45808
1462645718,42833,45934
1462646721,42824,45918
1462647396,42832,45926
1462647652,43002,46121
1462648593,42619,45706
1462649321,42622,45708
1462649555,42781,45885
1462650510,42789,45889
1462651534,42813,45940
1462652654,42746,45868
1462653131,42715,45837
1462653384,42719,45841
1462653621,42740,45843
1462654572,42662,45760
1462654801,42648,45748
1462655305,42650,45751
1462655548,42649,45746
1462656541,42746,45855
1462657214,42755,45864
1462657453,42492,45584
1462658428,42669,45785
1462659148,42645,45761
1462659389,42585,45693
1462660344,42556,45668
1462661050,42560,45673
1462661314,42638,45757
1462662351,42574,45689
1462663001,42586,45703
1462663480,42439,45566
1462664439,42502,45655
1462664648,42490,45644
1462665040,42494,45649
1462665401,42406,45566
1462665601,42441,45600
1462666350,42465,45635
1462667079,42475,45645
1462667335,42497,45667
1462668258,42477,45646
1462669004,42478,45646
1462669268,42387,45556
1462670192,42269,45426
1462671104,42372,45527
1462672107,42291,45435
1462673103,42285,45436
1462674028,42258,45397
1462675009,42143,45266
1462675945,42141,45267
1462676402,42110,45233
1462676940,42115,45241
1462677853,41955,45070
1462678850,42030,45135
1462679774,41970,45075
1462680002,41961,45064
1462680772,41967,45069
1462681706,42004,45114
1462682681,41834,44926
1462683638,41842,44931
1462683854,41896,44988
1462684616,41760,44834
1462685562,41843,44924
1462686530,41729,44773
1462687454,41771,44826
1462688442,41711,44778
1462689379,41630,44682
1462690374,41627,44675
1462690802,41627,44674
1462691298,41605,44628
1462692289,41443,44447
1462693232,41509,44535
1462694206,41427,44419
1462694401,41412,44405
1462695142,41329,44318
1462696169,41345,44329
1462697311,41023,43980
1462698055,41028,43983
1462698267,41214,44188
1462699223,41016,43928
1462699977,41020,43934
1462700175,41008,43918
1462701154,40993,43916
1462701884,40994,43919
1462702116,40967,43875
1462703057,41094,44016
1462703841,41093,44017
1462704025,40853,43759
1462704986,40779,43696
1462705202,40777,43693
1462705730,40779,43695
1462705954,40689,43582
1462706906,40720,43606
1462707644,40726,43613
1462707852,40868,43758
1462708832,40664,43521
1462709573,40677,43538
1462709791,40568,43422
1462710743,40783,43666
1462711477,40784,43667
1462711705,40515,43379
1462712666,40544,43394
1462713409,40544,43394
1462713620,40651,43516
1462714587,40466,43287
1462715328,40466,43287
1462715541,40561,43398
1462716002,40530,43365
1462716511,40336,43153
1462717234,40344,43161
1462717458,40250,43043
1462718432,40425,43236
1462719161,40436,43247
1462719429,40312,43129
1462719601,40169,42982
1462720340,40227,43046
1462721078,40222,43039
1462721317,40094,42826
1462722264,39974,42708
1462723006,39971,42707
1462723223,40083,42823
1462724192,40113,42859
1462724937,40118,42865
1462725146,40068,42825
1462726112,40061,42818
1462726865,40061,42820
1462727060,40175,42928
1462728020,40163,42938
1462728770,40170,42949
1462728990,39810,42543
1462729956,39946,42699
1462730684,39953,42698
1462730908,40022,42796
1462731852,39897,42629
1462732608,39900,42631
1462732832,40033,42782
1462733784,39965,42708
1462734001,40015,42756
1462734529,40014,42756
1462734750,40094,42838
1462735705,40069,42790
1462736436,40071,42794
1462736659,39984,42692
1462737631,40062,42773
1462738373,40100,42815
1462738588,40077,42793
1462739547,40057,42762
1462740279,40050,42757
1462740502,40197,42914
1462741475,40253,42971
1462742214,40255,42971
1462742412,40214,42928
1462743385,40282,43001
1462744122,40279,42998
1462744351,40237,42960
1462744801,40334,43057
1462745302,40367,43098
1462746044,40377,43108
1462746253,40334,43072
1462747227,40332,43073
1462747981,40331,43072
1462748176,40303,43044
1462748401,40308,43047
1462749146,40390,43132
1462749876,40392,43134
1462750104,40409,43165
1462751056,40399,43159
1462751800,40403,43165
1462752033,40522,43295
1462752996,40354,43113
1462753729,40363,43124
1462753939,40458,43211
1462754909,40331,43065
1462755652,40342,43077
1462755877,40516,43268
1462756836,40492,43247
1462757572,40491,43244
1462757784,40488,43253
1462758745,40439,43194
1462759479,40449,43209
1462759724,40489,43261
1462760657,40557,43330
1462761402,40563,43336
1462761635,40607,43416
1462762580,40551,43343
1462762801,40561,43354
1462763330,40556,43348
1462763560,40530,43318
1462764509,40591,43375
1462765243,40599,43384
1462765455,40524,43300
1462766433,40607,43392
1462767171,40619,43410
1462767398,40533,43322
1462768345,40634,43426
1462769075,40642,43436
1462769307,40576,43356
1462770265,40686,43482
1462771009,40694,43490
1462771216,40590,43369
1462772191,40528,43309
1462772924,40526,43309
1462773154,40500,43285
1462773601,40504,43287
1462774106,40528,43312
1462774841,40529,43313
1462775064,40582,43369
1462776033,40526,43310
1462776889,40532,43316
1462777235,40588,43387
1462778184,40642,43453
1462778700,40653,43467
1462779163,40636,43455
1462780109,40701,43547
1462780606,40715,43560
1462781057,40859,43710
1462782020,40799,43623
1462782514,40814,43639
1462782979,40798,43628
1462783954,40750,43580
1462784467,40736,43566
1462784901,40814,43646
1462785855,40803,43636
1462786520,40803,43634
1462786839,40807,43636
1462787778,40824,43652
1462788001,40881,43710
1462788530,40880,43712
1462788752,40909,43748
1462789706,41008,43865
1462790446,41004,43860
1462790661,41009,43867
1462791639,41116,43992
1462792373,41149,44028
1462792585,41132,43990
1462793550,41252,44128
1462794278,41260,44134
1462794505,41277,44172
1462795463,41409,44329
1462796210,41411,44331
1462796421,41262,44159
1462797384,41185,44068
1462798130,41188,44070
1462798350,41017,43860
1462798802,41020,43859
1462799317,41118,43951
1462800045,41118,43952
1462800255,41271,44137
1462801235,41348,44244
1462801957,41349,44246
1462802190,41391,44300
1462802402,41446,44355
1462803149,41414,44319
1462803881,41419,44325
1462804099,41485,44391
1462805067,41373,44273
1462805797,41373,44274
1462806036,41535,44429
1462806979,41471,44345
1462807720,41471,44347
1462807956,41518,44395
1462808903,41429,44293
1462809653,41433,44296
1462809858,41622,44525
1462810823,41585,44456
1462811597,41585,44455
1462811786,41747,44646
1462812742,41759,44664
1462813475,41731,44640
1462813720,41658,44558
1462814658,41667,44562
1462815399,41664,44557
1462815622,41607,44492
1462816585,41606,44492
1462816802,41635,44524
1462817324,41631,44520
1462817552,41706,44593
1462818505,41605,44461
1462819364,41619,44473
1462819455,41643,44489
1462820437,41496,44330
1462821430,41384,44214
1462822356,41711,44578
1462823333,41718,44579
1462824257,41660,44519
1462824738,41675,44535
1462825258,41618,44455
